,fit num,MSE,R2,unc. Tc,lambda,data set,par0,par1,par2,par3,par4,par5,par6,par7,par8,par9,par10,par11,par12,par13,par14,par15,par16,par17,par18,par19,par20,par21,par22,par23,par24,par25,par26,par27,par28,par29,par30,par31,par32,par33,par34,par35,par36,par37,par38,par39,par40,par41,par42,par43,par44,par45,par46,par47,par48,par49,par50,par51,par52,par53,par54,par55,par56,par57,par58,par59,par60,par61,par62,par63,par64,par65,par66,par67,par68,par69,par70,par71,par72,par73,par74,par75,par76,par77,par78,par79,par80,par81
0,0,0.009011063071663303,0.7366666251429183,17.56142458992654,-1,train,0.18581736729148657,-0.025634761091998904,0.13848546228422945,-0.16887970989749423,-0.08633989361488047,0.1314042915594106,-0.06975247289564573,0.00705916576713712,0.06652751540725356,0.003825541613039052,-0.06427123158873922,0.010862151126864984,0.08101447134511575,-0.15541574229232769,-0.07042317449333584,0.1441865673460717,-0.24029622017933083,0.08089414998710868,0.11150801882815113,0.024846950441335513,-0.11996993343916462,-0.010610877719614345,-0.05523379372237621,0.506489743756722,0.020897579393436085,-0.5545160259066607,0.1566116934186431,0.10114929234653255,0.07049132304271868,-0.017249002500378495,-0.04564941848123584,-0.04407554856367127,-0.07333265015591002,0.0020566439220033213,0.022952124762354857,0.04537885708486762,0.031605511174494984,-0.0341003018032496,-0.03719200694271499,-0.0006591294319432499,0.05769258550744538,-0.015130648980972872,-0.017014577748870705,0.09193262620701922,0.02917345264819171,-0.09954064254199815,0.00830076678269839,-0.03326151410198355,-0.11818779152141162,-0.022131426546768175,0.14853141552486265,-0.061139928375869845,0.10405382601247426,-0.149141834431805,-0.08374061036207119,0.11513970734088058,-0.039174236060117384,0.04983653797327082,-0.041608461399740046,0.03609093475069068,-0.022117011306945385,0.027479212268649075,-0.012343971753119715,0.12892289579386557,-0.012583546188720944,-0.06955886112969982,0.017550920092032914,0.0036902274315833523,-0.08168921693844255,-0.053200424105758745,0.09411242585310692,-0.00222312615836516,-0.08699407501346815,0.14123969258865648,0.11108560113734037,-0.16658832893031375,0.15534902061027953,-0.1437581652599563,0.029094103515093374,-0.0023115085869058125,0.01953899208760891,-0.0606068902242175
1,0,0.009001536942858828,0.7415789875678598,17.55213952398235,-1,test,0.18581736729148657,-0.025634761091998904,0.13848546228422945,-0.16887970989749423,-0.08633989361488047,0.1314042915594106,-0.06975247289564573,0.00705916576713712,0.06652751540725356,0.003825541613039052,-0.06427123158873922,0.010862151126864984,0.08101447134511575,-0.15541574229232769,-0.07042317449333584,0.1441865673460717,-0.24029622017933083,0.08089414998710868,0.11150801882815113,0.024846950441335513,-0.11996993343916462,-0.010610877719614345,-0.05523379372237621,0.506489743756722,0.020897579393436085,-0.5545160259066607,0.1566116934186431,0.10114929234653255,0.07049132304271868,-0.017249002500378495,-0.04564941848123584,-0.04407554856367127,-0.07333265015591002,0.0020566439220033213,0.022952124762354857,0.04537885708486762,0.031605511174494984,-0.0341003018032496,-0.03719200694271499,-0.0006591294319432499,0.05769258550744538,-0.015130648980972872,-0.017014577748870705,0.09193262620701922,0.02917345264819171,-0.09954064254199815,0.00830076678269839,-0.03326151410198355,-0.11818779152141162,-0.022131426546768175,0.14853141552486265,-0.061139928375869845,0.10405382601247426,-0.149141834431805,-0.08374061036207119,0.11513970734088058,-0.039174236060117384,0.04983653797327082,-0.041608461399740046,0.03609093475069068,-0.022117011306945385,0.027479212268649075,-0.012343971753119715,0.12892289579386557,-0.012583546188720944,-0.06955886112969982,0.017550920092032914,0.0036902274315833523,-0.08168921693844255,-0.053200424105758745,0.09411242585310692,-0.00222312615836516,-0.08699407501346815,0.14123969258865648,0.11108560113734037,-0.16658832893031375,0.15534902061027953,-0.1437581652599563,0.029094103515093374,-0.0023115085869058125,0.01953899208760891,-0.0606068902242175
2,1,0.009014035642062709,0.7371670979371516,17.56432093334656,-1,train,0.18629687257851527,-0.025497894958945756,0.1365557973324582,-0.16361374816123114,-0.08958929663255465,0.13299408667962337,-0.0702481002262196,0.010282864602627794,0.06441872869257967,0.0021158487107234697,-0.06108048336909299,0.010364338046677447,0.07795664144580909,-0.132942673044779,-0.06687024937049155,0.1244252085108008,-0.2366320953077509,0.07905671538961223,0.11333962689014543,0.0253277092001443,-0.11435317671415347,-0.02068060793749299,-0.06338874419262315,0.5119808102361466,0.030256340449430208,-0.5613538232597091,0.1543624258991166,0.09611923944323818,0.07516880276357743,-0.016369489956265793,-0.04723038732751565,-0.04579578620837439,-0.07144489018297873,-0.008819115613090771,0.02488816449722691,0.05198282133408776,0.0307099091007923,-0.03552279609939616,-0.03377613358755448,0.0004787589833832838,0.05235997374396545,-0.01218759441420017,-0.012325775765540906,0.08302006804619966,0.023769593045455735,-0.09108387266762324,0.0089440751953412,-0.03452015680156205,-0.11690221778359153,-0.021739821796759564,0.14450851849206345,-0.05757528199598039,0.10864403153123642,-0.1506213362596354,-0.08760446148392864,0.11639363017384502,-0.039425668017897986,0.05165563495503874,-0.043239054832461626,0.03616390512707637,-0.025007253146339798,0.03092100241593011,-0.0127203528562502,0.12642425321050832,-0.013234733723152758,-0.06601979008827571,0.01927694601453816,0.0026914239785472277,-0.07777039712531156,-0.05420902036476201,0.09220652368823375,0.001647662511954355,-0.0890821402692176,0.15546330489147156,0.11156165620220367,-0.17766014095159186,0.1509300847254451,-0.13735539165023158,0.031987956185777995,-0.0027284103386477285,0.016943015052101523,-0.061125008879052666
3,1,0.008974976475424383,0.7372670875693943,17.52622520314627,-1,test,0.18629687257851527,-0.025497894958945756,0.1365557973324582,-0.16361374816123114,-0.08958929663255465,0.13299408667962337,-0.0702481002262196,0.010282864602627794,0.06441872869257967,0.0021158487107234697,-0.06108048336909299,0.010364338046677447,0.07795664144580909,-0.132942673044779,-0.06687024937049155,0.1244252085108008,-0.2366320953077509,0.07905671538961223,0.11333962689014543,0.0253277092001443,-0.11435317671415347,-0.02068060793749299,-0.06338874419262315,0.5119808102361466,0.030256340449430208,-0.5613538232597091,0.1543624258991166,0.09611923944323818,0.07516880276357743,-0.016369489956265793,-0.04723038732751565,-0.04579578620837439,-0.07144489018297873,-0.008819115613090771,0.02488816449722691,0.05198282133408776,0.0307099091007923,-0.03552279609939616,-0.03377613358755448,0.0004787589833832838,0.05235997374396545,-0.01218759441420017,-0.012325775765540906,0.08302006804619966,0.023769593045455735,-0.09108387266762324,0.0089440751953412,-0.03452015680156205,-0.11690221778359153,-0.021739821796759564,0.14450851849206345,-0.05757528199598039,0.10864403153123642,-0.1506213362596354,-0.08760446148392864,0.11639363017384502,-0.039425668017897986,0.05165563495503874,-0.043239054832461626,0.03616390512707637,-0.025007253146339798,0.03092100241593011,-0.0127203528562502,0.12642425321050832,-0.013234733723152758,-0.06601979008827571,0.01927694601453816,0.0026914239785472277,-0.07777039712531156,-0.05420902036476201,0.09220652368823375,0.001647662511954355,-0.0890821402692176,0.15546330489147156,0.11156165620220367,-0.17766014095159186,0.1509300847254451,-0.13735539165023158,0.031987956185777995,-0.0027284103386477285,0.016943015052101523,-0.061125008879052666
4,2,0.009022591566664726,0.7372010589726037,17.572654790016795,-1,train,0.1862920813314343,-0.025428305434384554,0.13151610904252983,-0.15410332046585024,-0.08103622637290223,0.11793333184710655,-0.07082138117115196,0.011703477777458246,0.05858468133081467,0.003572395571159702,-0.05594627335959998,0.008510493354036287,0.07716220695528452,-0.15912927113856176,-0.0669067956301512,0.14643051981056118,-0.26264758305503766,0.0848966429215736,0.11617234201670562,0.02866961007593677,-0.12221749713664676,-0.011594939536790645,-0.058680073727542255,0.5203949539286725,0.023354314081014432,-0.5702854290358103,0.1762554741456788,0.09488358173300544,0.0663864420866231,-0.01806504880359633,-0.03875751778929366,-0.04886757255565846,-0.07485366439707634,-0.00369628923794987,0.024281734832984375,0.0526984742709923,0.027985970663793554,-0.033478777592682835,-0.034673202620055146,-0.0009251947173169912,0.055753280916864295,-0.014335020443712973,-0.015641508939144132,0.09297665214758097,0.027553396757734057,-0.10021351461215106,0.01079366853761032,-0.034103466639357746,-0.11802854613400202,-0.022698638174195554,0.1485124853248287,-0.06173260116175361,0.10890414297742138,-0.1490493759372878,-0.08657489733195521,0.11390236142805249,-0.03983013477226614,0.05165794469993083,-0.04096621697442554,0.03681582636327905,-0.02860984684334505,0.03078058530450077,-0.014726374276661736,0.12929802413250208,-0.009460980812426023,-0.07194567363289334,0.02044171432338432,0.0016269524791299693,-0.08046010891648102,-0.052830400008540376,0.09646915917891973,-0.0023790377836731217,-0.09209730164873492,0.15171239258087116,0.11647904144379387,-0.175985638683744,0.16166862821103778,-0.14992745084845657,0.032146757777220154,-0.0051025137163904985,0.01845568322935421,-0.061986851620167045
5,2,0.008896695160682186,0.7368704761521205,17.449624404964933,-1,test,0.1862920813314343,-0.025428305434384554,0.13151610904252983,-0.15410332046585024,-0.08103622637290223,0.11793333184710655,-0.07082138117115196,0.011703477777458246,0.05858468133081467,0.003572395571159702,-0.05594627335959998,0.008510493354036287,0.07716220695528452,-0.15912927113856176,-0.0669067956301512,0.14643051981056118,-0.26264758305503766,0.0848966429215736,0.11617234201670562,0.02866961007593677,-0.12221749713664676,-0.011594939536790645,-0.058680073727542255,0.5203949539286725,0.023354314081014432,-0.5702854290358103,0.1762554741456788,0.09488358173300544,0.0663864420866231,-0.01806504880359633,-0.03875751778929366,-0.04886757255565846,-0.07485366439707634,-0.00369628923794987,0.024281734832984375,0.0526984742709923,0.027985970663793554,-0.033478777592682835,-0.034673202620055146,-0.0009251947173169912,0.055753280916864295,-0.014335020443712973,-0.015641508939144132,0.09297665214758097,0.027553396757734057,-0.10021351461215106,0.01079366853761032,-0.034103466639357746,-0.11802854613400202,-0.022698638174195554,0.1485124853248287,-0.06173260116175361,0.10890414297742138,-0.1490493759372878,-0.08657489733195521,0.11390236142805249,-0.03983013477226614,0.05165794469993083,-0.04096621697442554,0.03681582636327905,-0.02860984684334505,0.03078058530450077,-0.014726374276661736,0.12929802413250208,-0.009460980812426023,-0.07194567363289334,0.02044171432338432,0.0016269524791299693,-0.08046010891648102,-0.052830400008540376,0.09646915917891973,-0.0023790377836731217,-0.09209730164873492,0.15171239258087116,0.11647904144379387,-0.175985638683744,0.16166862821103778,-0.14992745084845657,0.032146757777220154,-0.0051025137163904985,0.01845568322935421,-0.061986851620167045
6,3,0.008991978524809706,0.7371110264670443,17.542818046471673,-1,train,0.1856399840705924,-0.030508879757241494,0.14826721976878257,-0.17870149939034702,-0.0966849698837948,0.1429561108738308,-0.06851122057862881,0.008297987176575239,0.06323665564067975,0.004608792306878046,-0.061810606849709904,0.010603151126040353,0.06481919192417712,-0.11664367280744997,-0.0547169560538052,0.1105527045802977,-0.24233311674854255,0.07851499412034733,0.11870813843499692,0.02684171682767232,-0.11663442597216041,-0.022287235121212303,-0.059878582221201654,0.5114939213763449,0.02373570536563225,-0.5565059078215975,0.15778324467665228,0.10200831033859559,0.07376128301687015,-0.017475277912018625,-0.04705274509913805,-0.044600126290037595,-0.07833318160701969,0.002458235466991164,0.029499477957665426,0.04279928989138611,0.028990942898986013,-0.034200017928979004,-0.035806799717405906,-0.0011202724400554698,0.056215135768323925,-0.013422147906221829,-0.013597542343126698,0.08587724372649622,0.024783526800515758,-0.09383322798669858,0.010252043190552125,-0.034206008145201174,-0.11638052411590899,-0.021661110230292897,0.14443923280287194,-0.057982898507780024,0.11059946696388578,-0.15418348238457524,-0.0905630816452282,0.12082824746835427,-0.039033163499151785,0.052616666689279515,-0.04251440491903551,0.03699328052790716,-0.028200063089670255,0.03297014761013278,-0.013140595212687976,0.1276932161277051,-0.01200894558659155,-0.06764998022497974,0.01949987293384825,0.002651444963756383,-0.07147213231538918,-0.05368961313051403,0.08815193950664063,-0.0029487077832048916,-0.10085989973772126,0.16577512716876414,0.12537951626150648,-0.18891972160026643,0.15640803225920297,-0.14520875499391067,0.031965316386603354,-0.0048257967909537056,0.01897539055692002,-0.06266446159340283
7,3,0.009179320831831879,0.7375612573670753,17.724622858313406,-1,test,0.1856399840705924,-0.030508879757241494,0.14826721976878257,-0.17870149939034702,-0.0966849698837948,0.1429561108738308,-0.06851122057862881,0.008297987176575239,0.06323665564067975,0.004608792306878046,-0.061810606849709904,0.010603151126040353,0.06481919192417712,-0.11664367280744997,-0.0547169560538052,0.1105527045802977,-0.24233311674854255,0.07851499412034733,0.11870813843499692,0.02684171682767232,-0.11663442597216041,-0.022287235121212303,-0.059878582221201654,0.5114939213763449,0.02373570536563225,-0.5565059078215975,0.15778324467665228,0.10200831033859559,0.07376128301687015,-0.017475277912018625,-0.04705274509913805,-0.044600126290037595,-0.07833318160701969,0.002458235466991164,0.029499477957665426,0.04279928989138611,0.028990942898986013,-0.034200017928979004,-0.035806799717405906,-0.0011202724400554698,0.056215135768323925,-0.013422147906221829,-0.013597542343126698,0.08587724372649622,0.024783526800515758,-0.09383322798669858,0.010252043190552125,-0.034206008145201174,-0.11638052411590899,-0.021661110230292897,0.14443923280287194,-0.057982898507780024,0.11059946696388578,-0.15418348238457524,-0.0905630816452282,0.12082824746835427,-0.039033163499151785,0.052616666689279515,-0.04251440491903551,0.03699328052790716,-0.028200063089670255,0.03297014761013278,-0.013140595212687976,0.1276932161277051,-0.01200894558659155,-0.06764998022497974,0.01949987293384825,0.002651444963756383,-0.07147213231538918,-0.05368961313051403,0.08815193950664063,-0.0029487077832048916,-0.10085989973772126,0.16577512716876414,0.12537951626150648,-0.18891972160026643,0.15640803225920297,-0.14520875499391067,0.031965316386603354,-0.0048257967909537056,0.01897539055692002,-0.06266446159340283
8,4,0.009025537077998837,0.7383392150446213,17.57552293658741,-1,train,0.18637835412154075,-0.030128613210743345,0.13416087356998413,-0.16247709215171777,-0.08584471566269382,0.12978818113152096,-0.07684297766412612,0.009949661909281713,0.06334888647065919,0.003881221331667399,-0.06080015370869732,0.009656364886009131,0.061371923997361244,-0.10508794751226502,-0.05144991378897232,0.10116104877607512,-0.24264927591625712,0.07895410717021431,0.1132463232063385,0.024435318839234693,-0.11170320913036927,-0.02410850305086185,-0.04679831984662043,0.49552596872089316,0.012625067417138272,-0.5402028657549042,0.1663448903929351,0.09827266151286758,0.07197541303768248,-0.018575283066386363,-0.04831645725437045,-0.04107342711045457,-0.07350195407355842,-0.0021810795744421005,0.026868228681817947,0.04520276111514518,0.03462174148484458,-0.03511599286507979,-0.03472753041563285,-0.00046268288238397043,0.05592894310290017,-0.014937130135167169,-0.015079229058810047,0.09113671994895252,0.027681646398747244,-0.09915645627897662,0.007612753965776119,-0.032963570728170244,-0.11453995693237358,-0.022209603442896235,0.14310781579126342,-0.058977627301780466,0.10124583447664605,-0.1463844321515485,-0.08040886570771417,0.11153772310618154,-0.04273549711996924,0.04944737248998814,-0.04251025087500705,0.03696670074695785,-0.023811806264090563,0.028762701368764604,-0.014279370188935665,0.12774765675678904,-0.012827542561751504,-0.06695179569049824,0.020484509334911166,0.0028004856480276646,-0.06837279462094031,-0.053835893377446126,0.08795586054055687,-0.0018211890367677945,-0.11678212551326617,0.17706301606856523,0.14045543933597873,-0.2008854570400677,0.15573900095861642,-0.14230047262155357,0.03237213191475928,-0.002585885500956231,0.02078998743974445,-0.0638126465245806
9,4,0.008873729427607223,0.7252640173180778,17.427087813511964,-1,test,0.18637835412154075,-0.030128613210743345,0.13416087356998413,-0.16247709215171777,-0.08584471566269382,0.12978818113152096,-0.07684297766412612,0.009949661909281713,0.06334888647065919,0.003881221331667399,-0.06080015370869732,0.009656364886009131,0.061371923997361244,-0.10508794751226502,-0.05144991378897232,0.10116104877607512,-0.24264927591625712,0.07895410717021431,0.1132463232063385,0.024435318839234693,-0.11170320913036927,-0.02410850305086185,-0.04679831984662043,0.49552596872089316,0.012625067417138272,-0.5402028657549042,0.1663448903929351,0.09827266151286758,0.07197541303768248,-0.018575283066386363,-0.04831645725437045,-0.04107342711045457,-0.07350195407355842,-0.0021810795744421005,0.026868228681817947,0.04520276111514518,0.03462174148484458,-0.03511599286507979,-0.03472753041563285,-0.00046268288238397043,0.05592894310290017,-0.014937130135167169,-0.015079229058810047,0.09113671994895252,0.027681646398747244,-0.09915645627897662,0.007612753965776119,-0.032963570728170244,-0.11453995693237358,-0.022209603442896235,0.14310781579126342,-0.058977627301780466,0.10124583447664605,-0.1463844321515485,-0.08040886570771417,0.11153772310618154,-0.04273549711996924,0.04944737248998814,-0.04251025087500705,0.03696670074695785,-0.023811806264090563,0.028762701368764604,-0.014279370188935665,0.12774765675678904,-0.012827542561751504,-0.06695179569049824,0.020484509334911166,0.0028004856480276646,-0.06837279462094031,-0.053835893377446126,0.08795586054055687,-0.0018211890367677945,-0.11678212551326617,0.17706301606856523,0.14045543933597873,-0.2008854570400677,0.15573900095861642,-0.14230047262155357,0.03237213191475928,-0.002585885500956231,0.02078998743974445,-0.0638126465245806
10,5,0.008952113727573928,0.7387510913088537,17.503887920294098,-1,train,0.18612424931803817,-0.029344489833037342,0.13939474517058115,-0.17109750618103983,-0.08790857606843748,0.13490201412997826,-0.07604396488943432,0.009758742316631893,0.06282228007174065,0.004128155904768553,-0.06307307212314904,0.012148878318128657,0.06839563410279478,-0.12868287190880334,-0.05620381519525644,0.12000190398386551,-0.26302991861049574,0.07922675317420252,0.11744559098433216,0.025928589635601143,-0.1201850613389531,-0.01591582932339311,-0.04653785946894655,0.48775402165250475,0.012121468382040701,-0.5314295866077069,0.17989214902122183,0.09925790286883228,0.06869530193956769,-0.01612540048749561,-0.045032347884193684,-0.04046149756910282,-0.07334339759810167,-0.003551885398497226,0.021896557099247746,0.052842631081139325,0.033263880513703534,-0.03653864076904364,-0.03234283908103303,-0.0016324535398837617,0.05312648866006656,-0.013881610754918693,-0.021658864241441922,0.09539452826766989,0.032851557955732205,-0.10271594003219353,0.008073910311230052,-0.03126227940782908,-0.116164552661302,-0.02145215785777608,0.14673341459104752,-0.06002562650730754,0.09851646886592208,-0.1395909903074681,-0.07806771962955683,0.10415309227336604,-0.03817844986841073,0.05030871016767099,-0.041389463254094296,0.03751777878080387,-0.021190128404087114,0.025624238261787266,-0.01435193719303272,0.12744930310904273,-0.011557252713657942,-0.06787148282928439,0.021061875343034622,0.002147410091499569,-0.0766728478512054,-0.05399929549360247,0.09206676501185743,0.0017398083449657546,-0.10235890682889799,0.1615230904057006,0.12422361491571257,-0.1827046110049801,0.15701754555342023,-0.1432673022888161,0.0324932372008672,-0.004799404030859652,0.01881058478767117,-0.0620258814569455
11,5,0.00953786747038224,0.7228457836892739,18.067471161560828,-1,test,0.18612424931803817,-0.029344489833037342,0.13939474517058115,-0.17109750618103983,-0.08790857606843748,0.13490201412997826,-0.07604396488943432,0.009758742316631893,0.06282228007174065,0.004128155904768553,-0.06307307212314904,0.012148878318128657,0.06839563410279478,-0.12868287190880334,-0.05620381519525644,0.12000190398386551,-0.26302991861049574,0.07922675317420252,0.11744559098433216,0.025928589635601143,-0.1201850613389531,-0.01591582932339311,-0.04653785946894655,0.48775402165250475,0.012121468382040701,-0.5314295866077069,0.17989214902122183,0.09925790286883228,0.06869530193956769,-0.01612540048749561,-0.045032347884193684,-0.04046149756910282,-0.07334339759810167,-0.003551885398497226,0.021896557099247746,0.052842631081139325,0.033263880513703534,-0.03653864076904364,-0.03234283908103303,-0.0016324535398837617,0.05312648866006656,-0.013881610754918693,-0.021658864241441922,0.09539452826766989,0.032851557955732205,-0.10271594003219353,0.008073910311230052,-0.03126227940782908,-0.116164552661302,-0.02145215785777608,0.14673341459104752,-0.06002562650730754,0.09851646886592208,-0.1395909903074681,-0.07806771962955683,0.10415309227336604,-0.03817844986841073,0.05030871016767099,-0.041389463254094296,0.03751777878080387,-0.021190128404087114,0.025624238261787266,-0.01435193719303272,0.12744930310904273,-0.011557252713657942,-0.06787148282928439,0.021061875343034622,0.002147410091499569,-0.0766728478512054,-0.05399929549360247,0.09206676501185743,0.0017398083449657546,-0.10235890682889799,0.1615230904057006,0.12422361491571257,-0.1827046110049801,0.15701754555342023,-0.1432673022888161,0.0324932372008672,-0.004799404030859652,0.01881058478767117,-0.0620258814569455
12,6,0.008909607897414596,0.7394811319355479,17.462283077794112,-1,train,0.18624558767761595,-0.025055201532958045,0.13260366504645155,-0.1520264333978548,-0.08375207328139271,0.11750497858764264,-0.0645247361822601,0.008102115917870231,0.061667646293297476,0.0027138569924154074,-0.05780789602158916,0.0072677904938952195,0.07540276636268223,-0.12274110374728157,-0.06418986337883963,0.11295467067931497,-0.22379071266195147,0.07904526280427261,0.11364550844784714,0.026110125268706708,-0.1185201971858561,-0.01693940896801726,-0.05779684380717583,0.4951797635936453,0.024910795658080354,-0.5433361335798883,0.1353512642329226,0.10023782862631703,0.06973435773904323,-0.015804310065548784,-0.042273802290601445,-0.045455253080954224,-0.07122342914249856,-0.0061708162830148156,0.02261002907205273,0.0534877129002319,0.02758396705292893,-0.03123335246113051,-0.03594320126347161,0.000314062480564814,0.05483911327481271,-0.012288992123101639,-0.0205358690181581,0.09535497123289077,0.03434996533427518,-0.10498490794013352,0.004201763976089054,-0.02984491736344122,-0.11686240679205237,-0.01868255823215082,0.14677873153140683,-0.06199188041386598,0.10374559508177053,-0.14149524865795365,-0.08235089054774504,0.10792261997043492,-0.04181502552121952,0.04864429139163508,-0.04068233754339909,0.036185512109716766,-0.026324700070032528,0.028005327068788805,-0.014157945143623688,0.13107460907696733,-0.009955450026424145,-0.0717649405702087,0.019255721246564897,0.0021131540225456102,-0.06864223913249654,-0.053926441860629934,0.08550186619995544,-0.00245815297290204,-0.0969998560407168,0.14481580574209224,0.11746184121226463,-0.16615179526782645,0.16363878904446516,-0.1470640398154105,0.033448429765217697,-0.005717414422722469,0.01635347290721864,-0.05983954113333839
13,6,0.009933197733357576,0.7163868574727581,18.438104360919617,-1,test,0.18624558767761595,-0.025055201532958045,0.13260366504645155,-0.1520264333978548,-0.08375207328139271,0.11750497858764264,-0.0645247361822601,0.008102115917870231,0.061667646293297476,0.0027138569924154074,-0.05780789602158916,0.0072677904938952195,0.07540276636268223,-0.12274110374728157,-0.06418986337883963,0.11295467067931497,-0.22379071266195147,0.07904526280427261,0.11364550844784714,0.026110125268706708,-0.1185201971858561,-0.01693940896801726,-0.05779684380717583,0.4951797635936453,0.024910795658080354,-0.5433361335798883,0.1353512642329226,0.10023782862631703,0.06973435773904323,-0.015804310065548784,-0.042273802290601445,-0.045455253080954224,-0.07122342914249856,-0.0061708162830148156,0.02261002907205273,0.0534877129002319,0.02758396705292893,-0.03123335246113051,-0.03594320126347161,0.000314062480564814,0.05483911327481271,-0.012288992123101639,-0.0205358690181581,0.09535497123289077,0.03434996533427518,-0.10498490794013352,0.004201763976089054,-0.02984491736344122,-0.11686240679205237,-0.01868255823215082,0.14677873153140683,-0.06199188041386598,0.10374559508177053,-0.14149524865795365,-0.08235089054774504,0.10792261997043492,-0.04181502552121952,0.04864429139163508,-0.04068233754339909,0.036185512109716766,-0.026324700070032528,0.028005327068788805,-0.014157945143623688,0.13107460907696733,-0.009955450026424145,-0.0717649405702087,0.019255721246564897,0.0021131540225456102,-0.06864223913249654,-0.053926441860629934,0.08550186619995544,-0.00245815297290204,-0.0969998560407168,0.14481580574209224,0.11746184121226463,-0.16615179526782645,0.16363878904446516,-0.1470640398154105,0.033448429765217697,-0.005717414422722469,0.01635347290721864,-0.05983954113333839
14,7,0.00903062660399853,0.736675311968137,17.580477681844986,-1,train,0.18602178480335865,-0.027090360096779134,0.12989831150518824,-0.16512022798440346,-0.07843257052800537,0.1280892826136396,-0.07274714032704852,0.010371270009167877,0.0644406473421116,0.00416879873214755,-0.060595594592966005,0.009948711474096233,0.08110586166951711,-0.15002728719011033,-0.06812172161257922,0.13701991299781696,-0.2371805239243063,0.0756847808051872,0.10769740474036225,0.025805408670547716,-0.11285159839420483,-0.015113306017466369,-0.07014143401069144,0.5202572663426683,0.037640724123836844,-0.5722418516264041,0.15426322720464802,0.10034757689537684,0.0722023886379406,-0.01700665964224938,-0.03931520801823046,-0.051634550711389365,-0.07295890849657724,0.00178023789297993,0.021105549515997395,0.04606095401274009,0.026368370831641532,-0.03146992747803264,-0.03417597554540966,-4.805296575653879e-05,0.052906704905388034,-0.013889029730450819,-0.015825007209570915,0.0913127044341608,0.02626819120073709,-0.09722559615102574,0.00960378832813373,-0.03276637006996248,-0.11704522157090361,-0.022886412711000698,0.1466533459113748,-0.059927482608902946,0.10546528146301982,-0.1560127726698934,-0.08538146097152888,0.12123997522884539,-0.03775076214515488,0.04966353210112285,-0.04086901565066013,0.03664408749010609,-0.02568021220006146,0.03145844540402995,-0.01710732042031832,0.13277156309892346,-0.007911877252293219,-0.07522655720902297,0.01992885400942246,0.003931868852286066,-0.07429532646327244,-0.051807216266206046,0.09501008582989129,-0.005920460920045743,-0.08355325766064337,0.1496425612462659,0.1091940523230591,-0.17375395425857246,0.1599127562052821,-0.14695726285437202,0.032889892461416444,-0.004915358287028229,0.01534360072961723,-0.05973520118766141
15,7,0.00882867978904943,0.7416048379164897,17.382795108388546,-1,test,0.18602178480335865,-0.027090360096779134,0.12989831150518824,-0.16512022798440346,-0.07843257052800537,0.1280892826136396,-0.07274714032704852,0.010371270009167877,0.0644406473421116,0.00416879873214755,-0.060595594592966005,0.009948711474096233,0.08110586166951711,-0.15002728719011033,-0.06812172161257922,0.13701991299781696,-0.2371805239243063,0.0756847808051872,0.10769740474036225,0.025805408670547716,-0.11285159839420483,-0.015113306017466369,-0.07014143401069144,0.5202572663426683,0.037640724123836844,-0.5722418516264041,0.15426322720464802,0.10034757689537684,0.0722023886379406,-0.01700665964224938,-0.03931520801823046,-0.051634550711389365,-0.07295890849657724,0.00178023789297993,0.021105549515997395,0.04606095401274009,0.026368370831641532,-0.03146992747803264,-0.03417597554540966,-4.805296575653879e-05,0.052906704905388034,-0.013889029730450819,-0.015825007209570915,0.0913127044341608,0.02626819120073709,-0.09722559615102574,0.00960378832813373,-0.03276637006996248,-0.11704522157090361,-0.022886412711000698,0.1466533459113748,-0.059927482608902946,0.10546528146301982,-0.1560127726698934,-0.08538146097152888,0.12123997522884539,-0.03775076214515488,0.04966353210112285,-0.04086901565066013,0.03664408749010609,-0.02568021220006146,0.03145844540402995,-0.01710732042031832,0.13277156309892346,-0.007911877252293219,-0.07522655720902297,0.01992885400942246,0.003931868852286066,-0.07429532646327244,-0.051807216266206046,0.09501008582989129,-0.005920460920045743,-0.08355325766064337,0.1496425612462659,0.1091940523230591,-0.17375395425857246,0.1599127562052821,-0.14695726285437202,0.032889892461416444,-0.004915358287028229,0.01534360072961723,-0.05973520118766141
16,8,0.008993850311398658,0.7371071194740485,17.54464382390304,-1,train,0.1857328774562139,-0.02441107305243897,0.1376923951525254,-0.1591664048197272,-0.08677531633626362,0.12258748261736245,-0.06464527950041282,0.008162159177977902,0.061791468761638185,0.003197477195820659,-0.05891557373226715,0.008147165038727908,0.09163142763172494,-0.14975482805722917,-0.07779029004165652,0.1364915142077957,-0.23592950544046165,0.07798575277034572,0.11678389064269634,0.02556161230143722,-0.12581560266010142,-0.010130815446431275,-0.06653940215319637,0.5145295011944391,0.03180382596502393,-0.5631337907216519,0.15924778065460476,0.1025314738744035,0.07114634898976047,-0.017180843905933173,-0.04268383290569013,-0.047437420529629626,-0.071777597212524,-0.0058378440370769405,0.020753767899525044,0.05509353787801472,0.026672283599082844,-0.03262720257040756,-0.036464666871707345,-0.0003433950497772065,0.055900091701308295,-0.013035328127763764,-0.01617728521445497,0.08662631344560948,0.02695127906701486,-0.09388639435813667,0.007033164578153381,-0.03210363443254207,-0.11778745849245931,-0.02085293407803382,0.14602472366649877,-0.05847787743157425,0.1086089706006507,-0.1583344443728197,-0.08755384203447616,0.12227215859295479,-0.03866814084537605,0.05153181759914327,-0.040867109880227515,0.03887380366969698,-0.026116565771192694,0.03092122355849282,-0.017077106403603527,0.136056064986308,-0.007690001404336656,-0.07721559369914399,0.02162921387445967,0.0011603068905547825,-0.08365736362228919,-0.05410561748599117,0.10518150467080059,-0.009754236556525422,-0.10269029885555457,0.1529357096271706,0.12603193373607094,-0.1761222245647719,0.14594051893886226,-0.1478360369102104,0.033260066581302275,-0.004653095885161544,0.016582826909691286,-0.061205400823074206
17,8,0.009163727426174351,0.7373871317609678,17.709561574494643,-1,test,0.1857328774562139,-0.02441107305243897,0.1376923951525254,-0.1591664048197272,-0.08677531633626362,0.12258748261736245,-0.06464527950041282,0.008162159177977902,0.061791468761638185,0.003197477195820659,-0.05891557373226715,0.008147165038727908,0.09163142763172494,-0.14975482805722917,-0.07779029004165652,0.1364915142077957,-0.23592950544046165,0.07798575277034572,0.11678389064269634,0.02556161230143722,-0.12581560266010142,-0.010130815446431275,-0.06653940215319637,0.5145295011944391,0.03180382596502393,-0.5631337907216519,0.15924778065460476,0.1025314738744035,0.07114634898976047,-0.017180843905933173,-0.04268383290569013,-0.047437420529629626,-0.071777597212524,-0.0058378440370769405,0.020753767899525044,0.05509353787801472,0.026672283599082844,-0.03262720257040756,-0.036464666871707345,-0.0003433950497772065,0.055900091701308295,-0.013035328127763764,-0.01617728521445497,0.08662631344560948,0.02695127906701486,-0.09388639435813667,0.007033164578153381,-0.03210363443254207,-0.11778745849245931,-0.02085293407803382,0.14602472366649877,-0.05847787743157425,0.1086089706006507,-0.1583344443728197,-0.08755384203447616,0.12227215859295479,-0.03866814084537605,0.05153181759914327,-0.040867109880227515,0.03887380366969698,-0.026116565771192694,0.03092122355849282,-0.017077106403603527,0.136056064986308,-0.007690001404336656,-0.07721559369914399,0.02162921387445967,0.0011603068905547825,-0.08365736362228919,-0.05410561748599117,0.10518150467080059,-0.009754236556525422,-0.10269029885555457,0.1529357096271706,0.12603193373607094,-0.1761222245647719,0.14594051893886226,-0.1478360369102104,0.033260066581302275,-0.004653095885161544,0.016582826909691286,-0.061205400823074206
18,9,0.009084209155797046,0.735173136549711,17.63255677311586,-1,train,0.18605736420047617,-0.028894415492774862,0.13296938068597855,-0.1625227818747655,-0.08031281750122375,0.12409635823770358,-0.07441352241401414,0.014753979639547351,0.06577579149980371,0.0056485215513284,-0.0632240091063152,0.010360188285563482,0.07564025215754037,-0.15560463821532278,-0.06605155285066235,0.1448393029271861,-0.26332138722789916,0.08264002136065968,0.11349008366552776,0.02634306606413258,-0.11711624810014794,-0.015121961639673387,-0.05762011274550881,0.5053275546090826,0.02235180372550137,-0.5500738939818092,0.1672237374996177,0.09176088686296698,0.07021767002615245,-0.019360636975042846,-0.04443860379466368,-0.04377249376058533,-0.07096442970030514,-0.0049644264942230315,0.018799882501157827,0.05504413133123621,0.029178886276509778,-0.03746166354734843,-0.03530075825237946,-0.002339264440739572,0.056116609445738076,-0.014854005560273137,-0.01603874326858966,0.0886658093498774,0.02872446516273761,-0.0979039159977593,0.00869533588129355,-0.033033248423743965,-0.11524238850100699,-0.020670590675148898,0.14607055848945613,-0.061545409069290444,0.10851303996679298,-0.15395719944757846,-0.08551648151334823,0.11639984216485871,-0.03895161536563306,0.05358102326722963,-0.033912258002805215,0.039323842641065934,-0.03580187147194838,0.03228473468624966,-0.01106767820001928,0.12625019342545293,-0.012243163728397129,-0.06953827946699254,0.018218214646168004,0.0025852925713767128,-0.06455033116860949,-0.051446322908792606,0.08036057252018175,-0.0034726725594752747,-0.10081101862305941,0.175117124481927,0.1233064114944866,-0.1969847116855893,0.17368750212015663,-0.1429210864197437,0.03197316678624476,-0.0036866478870071287,0.020352753758638195,-0.0634409202822705
19,9,0.00834554048896505,0.7552433416588676,16.90047701204995,-1,test,0.18605736420047617,-0.028894415492774862,0.13296938068597855,-0.1625227818747655,-0.08031281750122375,0.12409635823770358,-0.07441352241401414,0.014753979639547351,0.06577579149980371,0.0056485215513284,-0.0632240091063152,0.010360188285563482,0.07564025215754037,-0.15560463821532278,-0.06605155285066235,0.1448393029271861,-0.26332138722789916,0.08264002136065968,0.11349008366552776,0.02634306606413258,-0.11711624810014794,-0.015121961639673387,-0.05762011274550881,0.5053275546090826,0.02235180372550137,-0.5500738939818092,0.1672237374996177,0.09176088686296698,0.07021767002615245,-0.019360636975042846,-0.04443860379466368,-0.04377249376058533,-0.07096442970030514,-0.0049644264942230315,0.018799882501157827,0.05504413133123621,0.029178886276509778,-0.03746166354734843,-0.03530075825237946,-0.002339264440739572,0.056116609445738076,-0.014854005560273137,-0.01603874326858966,0.0886658093498774,0.02872446516273761,-0.0979039159977593,0.00869533588129355,-0.033033248423743965,-0.11524238850100699,-0.020670590675148898,0.14607055848945613,-0.061545409069290444,0.10851303996679298,-0.15395719944757846,-0.08551648151334823,0.11639984216485871,-0.03895161536563306,0.05358102326722963,-0.033912258002805215,0.039323842641065934,-0.03580187147194838,0.03228473468624966,-0.01106767820001928,0.12625019342545293,-0.012243163728397129,-0.06953827946699254,0.018218214646168004,0.0025852925713767128,-0.06455033116860949,-0.051446322908792606,0.08036057252018175,-0.0034726725594752747,-0.10081101862305941,0.175117124481927,0.1233064114944866,-0.1969847116855893,0.17368750212015663,-0.1429210864197437,0.03197316678624476,-0.0036866478870071287,0.020352753758638195,-0.0634409202822705
